SEQ_SAMPLE;Sample_desc;R1_file;R2_file;N_forward;N_reverse
CCA1_1_T0;CCA1_1_T0;CCA1_1_T0_R1.fastq.gz;CCA1_1_T0_R2.fastq.gz;aactgcatttttttcacatc;ttaagaaacagccgtaacc
CCA1_2_T0;CCA1_2_T0;CCA1_2_T0_R1.fastq.gz;CCA1_2_T0_R2.fastq.gz;aactgcatttttttcacatc;ttaagaaacagccgtaacc
CCA1_3_T0;CCA1_3_T0;CCA1_3_T0_R1.fastq.gz;CCA1_3_T0_R2.fastq.gz;aactgcatttttttcacatc;ttaagaaacagccgtaacc
GCR1_1_T0;GCR1_1_T0;GCR1_1_T0_R1.fastq.gz;GCR1_1_T0_R2.fastq.gz;aactgcatttttttcacatc;ttaagaaacagccgtaacc
GCR1_2_T0;GCR1_2_T0;GCR1_2_T0_R1.fastq.gz;GCR1_2_T0_R2.fastq.gz;aactgcatttttttcacatc;ttaagaaacagccgtaacc
GCR1_3_T0;GCR1_3_T0;GCR1_3_T0_R1.fastq.gz;GCR1_3_T0_R2.fastq.gz;aactgcatttttttcacatc;ttaagaaacagccgtaacc
WBP1_1_T0;WBP1_1_T0;WBP1_1_T0_R1.fastq.gz;WBP1_1_T0_R2.fastq.gz;aactgcatttttttcacatc;ttaagaaacagccgtaacc
WBP1_2_T0;WBP1_2_T0;WBP1_2_T0_R1.fastq.gz;WBP1_2_T0_R2.fastq.gz;aactgcatttttttcacatc;ttaagaaacagccgtaacc
WBP1_3_T0;WBP1_3_T0;WBP1_3_T0_R1.fastq.gz;WBP1_3_T0_R2.fastq.gz;aactgcatttttttcacatc;ttaagaaacagccgtaacc
TTI1_1_T0;TTI1_1_T0;TTI1_1_T0_R1.fastq.gz;TTI1_1_T0_R2.fastq.gz;aactgcatttttttcacatc;ttaagaaacagccgtaacc
TTI1_2_T0;TTI1_2_T0;TTI1_2_T0_R1.fastq.gz;TTI1_2_T0_R2.fastq.gz;aactgcatttttttcacatc;ttaagaaacagccgtaacc
TTI1_3_T0;TTI1_3_T0;TTI1_3_T0_R1.fastq.gz;TTI1_3_T0_R2.fastq.gz;aactgcatttttttcacatc;ttaagaaacagccgtaacc
ESP1_1_T0;ESP1_1_T0;ESP1_1_T0_R1.fastq.gz;ESP1_1_T0_R2.fastq.gz;aactgcatttttttcacatc;ttaagaaacagccgtaacc
ESP1_2_T0;ESP1_2_T0;ESP1_2_T0_R1.fastq.gz;ESP1_2_T0_R2.fastq.gz;aactgcatttttttcacatc;ttaagaaacagccgtaacc
ESP1_3_T0;ESP1_3_T0;ESP1_3_T0_R1.fastq.gz;ESP1_3_T0_R2.fastq.gz;aactgcatttttttcacatc;ttaagaaacagccgtaacc
SPC98_1_T0;SPC98_1_T0;SPC98_1_T0_R1.fastq.gz;SPC98_1_T0_R2.fastq.gz;aactgcatttttttcacatc;ttaagaaacagccgtaacc
SPC98_2_T0;SPC98_2_T0;SPC98_2_T0_R1.fastq.gz;SPC98_2_T0_R2.fastq.gz;aactgcatttttttcacatc;ttaagaaacagccgtaacc
SPC98_3_T0;SPC98_3_T0;SPC98_3_T0_R1.fastq.gz;SPC98_3_T0_R2.fastq.gz;aactgcatttttttcacatc;ttaagaaacagccgtaacc
CCA1_1_T1;CCA1_1_T1;CCA1_1_T1_R1.fastq.gz;CCA1_1_T1_R2.fastq.gz;aactgcatttttttcacatc;ttaagaaacagccgtaacc
CCA1_2_T1;CCA1_2_T1;CCA1_2_T1_R1.fastq.gz;CCA1_2_T1_R2.fastq.gz;aactgcatttttttcacatc;ttaagaaacagccgtaacc
CCA1_3_T1;CCA1_3_T1;CCA1_3_T1_R1.fastq.gz;CCA1_3_T1_R2.fastq.gz;aactgcatttttttcacatc;ttaagaaacagccgtaacc
GCR1_1_T1;GCR1_1_T1;GCR1_1_T1_R1.fastq.gz;GCR1_1_T1_R2.fastq.gz;aactgcatttttttcacatc;ttaagaaacagccgtaacc
GCR1_2_T1;GCR1_2_T1;GCR1_2_T1_R1.fastq.gz;GCR1_2_T1_R2.fastq.gz;aactgcatttttttcacatc;ttaagaaacagccgtaacc
GCR1_3_T1;GCR1_3_T1;GCR1_3_T1_R1.fastq.gz;GCR1_3_T1_R2.fastq.gz;aactgcatttttttcacatc;ttaagaaacagccgtaacc
WBP1_1_T1;WBP1_1_T1;WBP1_1_T1_R1.fastq.gz;WBP1_1_T1_R2.fastq.gz;aactgcatttttttcacatc;ttaagaaacagccgtaacc
WBP1_2_T1;WBP1_2_T1;WBP1_2_T1_R1.fastq.gz;WBP1_2_T1_R2.fastq.gz;aactgcatttttttcacatc;ttaagaaacagccgtaacc
WBP1_3_T1;WBP1_3_T1;WBP1_3_T1_R1.fastq.gz;WBP1_3_T1_R2.fastq.gz;aactgcatttttttcacatc;ttaagaaacagccgtaacc
TTI1_1_T1;TTI1_1_T1;TTI1_1_T1_R1.fastq.gz;TTI1_1_T1_R2.fastq.gz;aactgcatttttttcacatc;ttaagaaacagccgtaacc
TTI1_2_T1;TTI1_2_T1;TTI1_2_T1_R1.fastq.gz;TTI1_2_T1_R2.fastq.gz;aactgcatttttttcacatc;ttaagaaacagccgtaacc
TTI1_3_T1;TTI1_3_T1;TTI1_3_T1_R1.fastq.gz;TTI1_3_T1_R2.fastq.gz;aactgcatttttttcacatc;ttaagaaacagccgtaacc
ESP1_1_T1;ESP1_1_T1;ESP1_1_T1_R1.fastq.gz;ESP1_1_T1_R2.fastq.gz;aactgcatttttttcacatc;ttaagaaacagccgtaacc
ESP1_2_T1;ESP1_2_T1;ESP1_2_T1_R1.fastq.gz;ESP1_2_T1_R2.fastq.gz;aactgcatttttttcacatc;ttaagaaacagccgtaacc
ESP1_3_T1;ESP1_3_T1;ESP1_3_T1_R1.fastq.gz;ESP1_3_T1_R2.fastq.gz;aactgcatttttttcacatc;ttaagaaacagccgtaacc
SPC98_1_T1;SPC98_1_T1;SPC98_1_T1_R1.fastq.gz;SPC98_1_T1_R2.fastq.gz;aactgcatttttttcacatc;ttaagaaacagccgtaacc
SPC98_2_T1;SPC98_2_T1;SPC98_2_T1_R1.fastq.gz;SPC98_2_T1_R2.fastq.gz;aactgcatttttttcacatc;ttaagaaacagccgtaacc
SPC98_3_T1;SPC98_3_T1;SPC98_3_T1_R1.fastq.gz;SPC98_3_T1_R2.fastq.gz;aactgcatttttttcacatc;ttaagaaacagccgtaacc
CCA1_1_T2;CCA1_1_T2;CCA1_1_T2_R1.fastq.gz;CCA1_1_T2_R2.fastq.gz;aactgcatttttttcacatc;ttaagaaacagccgtaacc
CCA1_2_T2;CCA1_2_T2;CCA1_2_T2_R1.fastq.gz;CCA1_2_T2_R2.fastq.gz;aactgcatttttttcacatc;ttaagaaacagccgtaacc
CCA1_3_T2;CCA1_3_T2;CCA1_3_T2_R1.fastq.gz;CCA1_3_T2_R2.fastq.gz;aactgcatttttttcacatc;ttaagaaacagccgtaacc
GCR1_1_T2;GCR1_1_T2;GCR1_1_T2_R1.fastq.gz;GCR1_1_T2_R2.fastq.gz;aactgcatttttttcacatc;ttaagaaacagccgtaacc
GCR1_2_T2;GCR1_2_T2;GCR1_2_T2_R1.fastq.gz;GCR1_2_T2_R2.fastq.gz;aactgcatttttttcacatc;ttaagaaacagccgtaacc
GCR1_3_T2;GCR1_3_T2;GCR1_3_T2_R1.fastq.gz;GCR1_3_T2_R2.fastq.gz;aactgcatttttttcacatc;ttaagaaacagccgtaacc
WBP1_1_T2;WBP1_1_T2;WBP1_1_T2_R1.fastq.gz;WBP1_1_T2_R2.fastq.gz;aactgcatttttttcacatc;ttaagaaacagccgtaacc
WBP1_2_T2;WBP1_2_T2;WBP1_2_T2_R1.fastq.gz;WBP1_2_T2_R2.fastq.gz;aactgcatttttttcacatc;ttaagaaacagccgtaacc
WBP1_3_T2;WBP1_3_T2;WBP1_3_T2_R1.fastq.gz;WBP1_3_T2_R2.fastq.gz;aactgcatttttttcacatc;ttaagaaacagccgtaacc
TTI1_1_T2;TTI1_1_T2;TTI1_1_T2_R1.fastq.gz;TTI1_1_T2_R2.fastq.gz;aactgcatttttttcacatc;ttaagaaacagccgtaacc
TTI1_2_T2;TTI1_2_T2;TTI1_2_T2_R1.fastq.gz;TTI1_2_T2_R2.fastq.gz;aactgcatttttttcacatc;ttaagaaacagccgtaacc
TTI1_3_T2;TTI1_3_T2;TTI1_3_T2_R1.fastq.gz;TTI1_3_T2_R2.fastq.gz;aactgcatttttttcacatc;ttaagaaacagccgtaacc
ESP1_1_T2;ESP1_1_T2;ESP1_1_T2_R1.fastq.gz;ESP1_1_T2_R2.fastq.gz;aactgcatttttttcacatc;ttaagaaacagccgtaacc
ESP1_2_T2;ESP1_2_T2;ESP1_2_T2_R1.fastq.gz;ESP1_2_T2_R2.fastq.gz;aactgcatttttttcacatc;ttaagaaacagccgtaacc
ESP1_3_T2;ESP1_3_T2;ESP1_3_T2_R1.fastq.gz;ESP1_3_T2_R2.fastq.gz;aactgcatttttttcacatc;ttaagaaacagccgtaacc
SPC98_1_T2;SPC98_1_T2;SPC98_1_T2_R1.fastq.gz;SPC98_1_T2_R2.fastq.gz;aactgcatttttttcacatc;ttaagaaacagccgtaacc
SPC98_2_T2;SPC98_2_T2;SPC98_2_T2_R1.fastq.gz;SPC98_2_T2_R2.fastq.gz;aactgcatttttttcacatc;ttaagaaacagccgtaacc
SPC98_3_T2;SPC98_3_T2;SPC98_3_T2_R1.fastq.gz;SPC98_3_T2_R2.fastq.gz;aactgcatttttttcacatc;ttaagaaacagccgtaacc
CCA1_1_T3;CCA1_1_T3;CCA1_1_T3_R1.fastq.gz;CCA1_1_T3_R2.fastq.gz;aactgcatttttttcacatc;ttaagaaacagccgtaacc
CCA1_2_T3;CCA1_2_T3;CCA1_2_T3_R1.fastq.gz;CCA1_2_T3_R2.fastq.gz;aactgcatttttttcacatc;ttaagaaacagccgtaacc
CCA1_3_T3;CCA1_3_T3;CCA1_3_T3_R1.fastq.gz;CCA1_3_T3_R2.fastq.gz;aactgcatttttttcacatc;ttaagaaacagccgtaacc
GCR1_1_T3;GCR1_1_T3;GCR1_1_T3_R1.fastq.gz;GCR1_1_T3_R2.fastq.gz;aactgcatttttttcacatc;ttaagaaacagccgtaacc
GCR1_2_T3;GCR1_2_T3;GCR1_2_T3_R1.fastq.gz;GCR1_2_T3_R2.fastq.gz;aactgcatttttttcacatc;ttaagaaacagccgtaacc
GCR1_3_T3;GCR1_3_T3;GCR1_3_T3_R1.fastq.gz;GCR1_3_T3_R2.fastq.gz;aactgcatttttttcacatc;ttaagaaacagccgtaacc
WBP1_1_T3;WBP1_1_T3;WBP1_1_T3_R1.fastq.gz;WBP1_1_T3_R2.fastq.gz;aactgcatttttttcacatc;ttaagaaacagccgtaacc
WBP1_2_T3;WBP1_2_T3;WBP1_2_T3_R1.fastq.gz;WBP1_2_T3_R2.fastq.gz;aactgcatttttttcacatc;ttaagaaacagccgtaacc
WBP1_3_T3;WBP1_3_T3;WBP1_3_T3_R1.fastq.gz;WBP1_3_T3_R2.fastq.gz;aactgcatttttttcacatc;ttaagaaacagccgtaacc
TTI1_1_T3;TTI1_1_T3;TTI1_1_T3_R1.fastq.gz;TTI1_1_T3_R2.fastq.gz;aactgcatttttttcacatc;ttaagaaacagccgtaacc
TTI1_2_T3;TTI1_2_T3;TTI1_2_T3_R1.fastq.gz;TTI1_2_T3_R2.fastq.gz;aactgcatttttttcacatc;ttaagaaacagccgtaacc
TTI1_3_T3;TTI1_3_T3;TTI1_3_T3_R1.fastq.gz;TTI1_3_T3_R2.fastq.gz;aactgcatttttttcacatc;ttaagaaacagccgtaacc
ESP1_1_T3;ESP1_1_T3;ESP1_1_T3_R1.fastq.gz;ESP1_1_T3_R2.fastq.gz;aactgcatttttttcacatc;ttaagaaacagccgtaacc
ESP1_2_T3;ESP1_2_T3;ESP1_2_T3_R1.fastq.gz;ESP1_2_T3_R2.fastq.gz;aactgcatttttttcacatc;ttaagaaacagccgtaacc
ESP1_3_T3;ESP1_3_T3;ESP1_3_T3_R1.fastq.gz;ESP1_3_T3_R2.fastq.gz;aactgcatttttttcacatc;ttaagaaacagccgtaacc
SPC98_1_T3;SPC98_1_T3;SPC98_1_T3_R1.fastq.gz;SPC98_1_T3_R2.fastq.gz;aactgcatttttttcacatc;ttaagaaacagccgtaacc
SPC98_2_T3;SPC98_2_T3;SPC98_2_T3_R1.fastq.gz;SPC98_2_T3_R2.fastq.gz;aactgcatttttttcacatc;ttaagaaacagccgtaacc
SPC98_3_T3;SPC98_3_T3;SPC98_3_T3_R1.fastq.gz;SPC98_3_T3_R2.fastq.gz;aactgcatttttttcacatc;ttaagaaacagccgtaacc
CCA1_1_T4;CCA1_1_T4;CCA1_1_T4_R1.fastq.gz;CCA1_1_T4_R2.fastq.gz;aactgcatttttttcacatc;ttaagaaacagccgtaacc
CCA1_2_T4;CCA1_2_T4;CCA1_2_T4_R1.fastq.gz;CCA1_2_T4_R2.fastq.gz;aactgcatttttttcacatc;ttaagaaacagccgtaacc
CCA1_3_T4;CCA1_3_T4;CCA1_3_T4_R1.fastq.gz;CCA1_3_T4_R2.fastq.gz;aactgcatttttttcacatc;ttaagaaacagccgtaacc
GCR1_1_T4;GCR1_1_T4;GCR1_1_T4_R1.fastq.gz;GCR1_1_T4_R2.fastq.gz;aactgcatttttttcacatc;ttaagaaacagccgtaacc
GCR1_2_T4;GCR1_2_T4;GCR1_2_T4_R1.fastq.gz;GCR1_2_T4_R2.fastq.gz;aactgcatttttttcacatc;ttaagaaacagccgtaacc
GCR1_3_T4;GCR1_3_T4;GCR1_3_T4_R1.fastq.gz;GCR1_3_T4_R2.fastq.gz;aactgcatttttttcacatc;ttaagaaacagccgtaacc
WBP1_1_T4;WBP1_1_T4;WBP1_1_T4_R1.fastq.gz;WBP1_1_T4_R2.fastq.gz;aactgcatttttttcacatc;ttaagaaacagccgtaacc
WBP1_2_T4;WBP1_2_T4;WBP1_2_T4_R1.fastq.gz;WBP1_2_T4_R2.fastq.gz;aactgcatttttttcacatc;ttaagaaacagccgtaacc
WBP1_3_T4;WBP1_3_T4;WBP1_3_T4_R1.fastq.gz;WBP1_3_T4_R2.fastq.gz;aactgcatttttttcacatc;ttaagaaacagccgtaacc
TTI1_1_T4;TTI1_1_T4;TTI1_1_T4_R1.fastq.gz;TTI1_1_T4_R2.fastq.gz;aactgcatttttttcacatc;ttaagaaacagccgtaacc
TTI1_2_T4;TTI1_2_T4;TTI1_2_T4_R1.fastq.gz;TTI1_2_T4_R2.fastq.gz;aactgcatttttttcacatc;ttaagaaacagccgtaacc
TTI1_3_T4;TTI1_3_T4;TTI1_3_T4_R1.fastq.gz;TTI1_3_T4_R2.fastq.gz;aactgcatttttttcacatc;ttaagaaacagccgtaacc
ESP1_1_T4;ESP1_1_T4;ESP1_1_T4_R1.fastq.gz;ESP1_1_T4_R2.fastq.gz;aactgcatttttttcacatc;ttaagaaacagccgtaacc
ESP1_2_T4;ESP1_2_T4;ESP1_2_T4_R1.fastq.gz;ESP1_2_T4_R2.fastq.gz;aactgcatttttttcacatc;ttaagaaacagccgtaacc
ESP1_3_T4;ESP1_3_T4;ESP1_3_T4_R1.fastq.gz;ESP1_3_T4_R2.fastq.gz;aactgcatttttttcacatc;ttaagaaacagccgtaacc
SPC98_1_T4;SPC98_1_T4;SPC98_1_T4_R1.fastq.gz;SPC98_1_T4_R2.fastq.gz;aactgcatttttttcacatc;ttaagaaacagccgtaacc
SPC98_2_T4;SPC98_2_T4;SPC98_2_T4_R1.fastq.gz;SPC98_2_T4_R2.fastq.gz;aactgcatttttttcacatc;ttaagaaacagccgtaacc
SPC98_3_T4;SPC98_3_T4;SPC98_3_T4_R1.fastq.gz;SPC98_3_T4_R2.fastq.gz;aactgcatttttttcacatc;ttaagaaacagccgtaacc
CCA1_1_T5;CCA1_1_T5;CCA1_1_T5_R1.fastq.gz;CCA1_1_T5_R2.fastq.gz;aactgcatttttttcacatc;ttaagaaacagccgtaacc
CCA1_2_T5;CCA1_2_T5;CCA1_2_T5_R1.fastq.gz;CCA1_2_T5_R2.fastq.gz;aactgcatttttttcacatc;ttaagaaacagccgtaacc
CCA1_3_T5;CCA1_3_T5;CCA1_3_T5_R1.fastq.gz;CCA1_3_T5_R2.fastq.gz;aactgcatttttttcacatc;ttaagaaacagccgtaacc
GCR1_1_T5;GCR1_1_T5;GCR1_1_T5_R1.fastq.gz;GCR1_1_T5_R2.fastq.gz;aactgcatttttttcacatc;ttaagaaacagccgtaacc
GCR1_2_T5;GCR1_2_T5;GCR1_2_T5_R1.fastq.gz;GCR1_2_T5_R2.fastq.gz;aactgcatttttttcacatc;ttaagaaacagccgtaacc
GCR1_3_T5;GCR1_3_T5;GCR1_3_T5_R1.fastq.gz;GCR1_3_T5_R2.fastq.gz;aactgcatttttttcacatc;ttaagaaacagccgtaacc
WBP1_1_T5;WBP1_1_T5;WBP1_1_T5_R1.fastq.gz;WBP1_1_T5_R2.fastq.gz;aactgcatttttttcacatc;ttaagaaacagccgtaacc
WBP1_2_T5;WBP1_2_T5;WBP1_2_T5_R1.fastq.gz;WBP1_2_T5_R2.fastq.gz;aactgcatttttttcacatc;ttaagaaacagccgtaacc
WBP1_3_T5;WBP1_3_T5;WBP1_3_T5_R1.fastq.gz;WBP1_3_T5_R2.fastq.gz;aactgcatttttttcacatc;ttaagaaacagccgtaacc
TTI1_1_T5;TTI1_1_T5;TTI1_1_T5_R1.fastq.gz;TTI1_1_T5_R2.fastq.gz;aactgcatttttttcacatc;ttaagaaacagccgtaacc
TTI1_2_T5;TTI1_2_T5;TTI1_2_T5_R1.fastq.gz;TTI1_2_T5_R2.fastq.gz;aactgcatttttttcacatc;ttaagaaacagccgtaacc
TTI1_3_T5;TTI1_3_T5;TTI1_3_T5_R1.fastq.gz;TTI1_3_T5_R2.fastq.gz;aactgcatttttttcacatc;ttaagaaacagccgtaacc
ESP1_1_T5;ESP1_1_T5;ESP1_1_T5_R1.fastq.gz;ESP1_1_T5_R2.fastq.gz;aactgcatttttttcacatc;ttaagaaacagccgtaacc
ESP1_2_T5;ESP1_2_T5;ESP1_2_T5_R1.fastq.gz;ESP1_2_T5_R2.fastq.gz;aactgcatttttttcacatc;ttaagaaacagccgtaacc
ESP1_3_T5;ESP1_3_T5;ESP1_3_T5_R1.fastq.gz;ESP1_3_T5_R2.fastq.gz;aactgcatttttttcacatc;ttaagaaacagccgtaacc
SPC98_1_T5;SPC98_1_T5;SPC98_1_T5_R1.fastq.gz;SPC98_1_T5_R2.fastq.gz;aactgcatttttttcacatc;ttaagaaacagccgtaacc
SPC98_2_T5;SPC98_2_T5;SPC98_2_T5_R1.fastq.gz;SPC98_2_T5_R2.fastq.gz;aactgcatttttttcacatc;ttaagaaacagccgtaacc
SPC98_3_T5;SPC98_3_T5;SPC98_3_T5_R1.fastq.gz;SPC98_3_T5_R2.fastq.gz;aactgcatttttttcacatc;ttaagaaacagccgtaacc
CCA1_1_T6;CCA1_1_T6;CCA1_1_T6_R1.fastq.gz;CCA1_1_T6_R2.fastq.gz;aactgcatttttttcacatc;ttaagaaacagccgtaacc
CCA1_2_T6;CCA1_2_T6;CCA1_2_T6_R1.fastq.gz;CCA1_2_T6_R2.fastq.gz;aactgcatttttttcacatc;ttaagaaacagccgtaacc
CCA1_3_T6;CCA1_3_T6;CCA1_3_T6_R1.fastq.gz;CCA1_3_T6_R2.fastq.gz;aactgcatttttttcacatc;ttaagaaacagccgtaacc
GCR1_1_T6;GCR1_1_T6;GCR1_1_T6_R1.fastq.gz;GCR1_1_T6_R2.fastq.gz;aactgcatttttttcacatc;ttaagaaacagccgtaacc
GCR1_2_T6;GCR1_2_T6;GCR1_2_T6_R1.fastq.gz;GCR1_2_T6_R2.fastq.gz;aactgcatttttttcacatc;ttaagaaacagccgtaacc
GCR1_3_T6;GCR1_3_T6;GCR1_3_T6_R1.fastq.gz;GCR1_3_T6_R2.fastq.gz;aactgcatttttttcacatc;ttaagaaacagccgtaacc
WBP1_1_T6;WBP1_1_T6;WBP1_1_T6_R1.fastq.gz;WBP1_1_T6_R2.fastq.gz;aactgcatttttttcacatc;ttaagaaacagccgtaacc
WBP1_2_T6;WBP1_2_T6;WBP1_2_T6_R1.fastq.gz;WBP1_2_T6_R2.fastq.gz;aactgcatttttttcacatc;ttaagaaacagccgtaacc
WBP1_3_T6;WBP1_3_T6;WBP1_3_T6_R1.fastq.gz;WBP1_3_T6_R2.fastq.gz;aactgcatttttttcacatc;ttaagaaacagccgtaacc
TTI1_1_T6;TTI1_1_T6;TTI1_1_T6_R1.fastq.gz;TTI1_1_T6_R2.fastq.gz;aactgcatttttttcacatc;ttaagaaacagccgtaacc
TTI1_2_T6;TTI1_2_T6;TTI1_2_T6_R1.fastq.gz;TTI1_2_T6_R2.fastq.gz;aactgcatttttttcacatc;ttaagaaacagccgtaacc
TTI1_3_T6;TTI1_3_T6;TTI1_3_T6_R1.fastq.gz;TTI1_3_T6_R2.fastq.gz;aactgcatttttttcacatc;ttaagaaacagccgtaacc
ESP1_1_T6;ESP1_1_T6;ESP1_1_T6_R1.fastq.gz;ESP1_1_T6_R2.fastq.gz;aactgcatttttttcacatc;ttaagaaacagccgtaacc
ESP1_2_T6;ESP1_2_T6;ESP1_2_T6_R1.fastq.gz;ESP1_2_T6_R2.fastq.gz;aactgcatttttttcacatc;ttaagaaacagccgtaacc
ESP1_3_T6;ESP1_3_T6;ESP1_3_T6_R1.fastq.gz;ESP1_3_T6_R2.fastq.gz;aactgcatttttttcacatc;ttaagaaacagccgtaacc
SPC98_1_T6;SPC98_1_T6;SPC98_1_T6_R1.fastq.gz;SPC98_1_T6_R2.fastq.gz;aactgcatttttttcacatc;ttaagaaacagccgtaacc
SPC98_2_T6;SPC98_2_T6;SPC98_2_T6_R1.fastq.gz;SPC98_2_T6_R2.fastq.gz;aactgcatttttttcacatc;ttaagaaacagccgtaacc
SPC98_3_T6;SPC98_3_T6;SPC98_3_T6_R1.fastq.gz;SPC98_3_T6_R2.fastq.gz;aactgcatttttttcacatc;ttaagaaacagccgtaacc
CCA1_1_T7;CCA1_1_T7;CCA1_1_T7_R1.fastq.gz;CCA1_1_T7_R2.fastq.gz;aactgcatttttttcacatc;ttaagaaacagccgtaacc
CCA1_2_T7;CCA1_2_T7;CCA1_2_T7_R1.fastq.gz;CCA1_2_T7_R2.fastq.gz;aactgcatttttttcacatc;ttaagaaacagccgtaacc
CCA1_3_T7;CCA1_3_T7;CCA1_3_T7_R1.fastq.gz;CCA1_3_T7_R2.fastq.gz;aactgcatttttttcacatc;ttaagaaacagccgtaacc
GCR1_1_T7;GCR1_1_T7;GCR1_1_T7_R1.fastq.gz;GCR1_1_T7_R2.fastq.gz;aactgcatttttttcacatc;ttaagaaacagccgtaacc
GCR1_2_T7;GCR1_2_T7;GCR1_2_T7_R1.fastq.gz;GCR1_2_T7_R2.fastq.gz;aactgcatttttttcacatc;ttaagaaacagccgtaacc
GCR1_3_T7;GCR1_3_T7;GCR1_3_T7_R1.fastq.gz;GCR1_3_T7_R2.fastq.gz;aactgcatttttttcacatc;ttaagaaacagccgtaacc
WBP1_1_T7;WBP1_1_T7;WBP1_1_T7_R1.fastq.gz;WBP1_1_T7_R2.fastq.gz;aactgcatttttttcacatc;ttaagaaacagccgtaacc
WBP1_2_T7;WBP1_2_T7;WBP1_2_T7_R1.fastq.gz;WBP1_2_T7_R2.fastq.gz;aactgcatttttttcacatc;ttaagaaacagccgtaacc
WBP1_3_T7;WBP1_3_T7;WBP1_3_T7_R1.fastq.gz;WBP1_3_T7_R2.fastq.gz;aactgcatttttttcacatc;ttaagaaacagccgtaacc
TTI1_1_T7;TTI1_1_T7;TTI1_1_T7_R1.fastq.gz;TTI1_1_T7_R2.fastq.gz;aactgcatttttttcacatc;ttaagaaacagccgtaacc
TTI1_2_T7;TTI1_2_T7;TTI1_2_T7_R1.fastq.gz;TTI1_2_T7_R2.fastq.gz;aactgcatttttttcacatc;ttaagaaacagccgtaacc
TTI1_3_T7;TTI1_3_T7;TTI1_3_T7_R1.fastq.gz;TTI1_3_T7_R2.fastq.gz;aactgcatttttttcacatc;ttaagaaacagccgtaacc
ESP1_1_T7;ESP1_1_T7;ESP1_1_T7_R1.fastq.gz;ESP1_1_T7_R2.fastq.gz;aactgcatttttttcacatc;ttaagaaacagccgtaacc
ESP1_2_T7;ESP1_2_T7;ESP1_2_T7_R1.fastq.gz;ESP1_2_T7_R2.fastq.gz;aactgcatttttttcacatc;ttaagaaacagccgtaacc
ESP1_3_T7;ESP1_3_T7;ESP1_3_T7_R1.fastq.gz;ESP1_3_T7_R2.fastq.gz;aactgcatttttttcacatc;ttaagaaacagccgtaacc
SPC98_1_T7;SPC98_1_T7;SPC98_1_T7_R1.fastq.gz;SPC98_1_T7_R2.fastq.gz;aactgcatttttttcacatc;ttaagaaacagccgtaacc
SPC98_2_T7;SPC98_2_T7;SPC98_2_T7_R1.fastq.gz;SPC98_2_T7_R2.fastq.gz;aactgcatttttttcacatc;ttaagaaacagccgtaacc
SPC98_3_T7;SPC98_3_T7;SPC98_3_T7_R1.fastq.gz;SPC98_3_T7_R2.fastq.gz;aactgcatttttttcacatc;ttaagaaacagccgtaacc
