Gene;Media;Replicate;Timepoint;Generation
ESP1;Glucose50%;1;T0;0
GCR1;Glucose50%;1;T0;0
ESP1;Galactose;1;T0;0
GCR1;Galactose;1;T0;0
ESP1;Raffinose;1;T0;0
GCR1;Raffinose;1;T0;0
ESP1;Glucose50%;2;T0;0
GCR1;Glucose50%;2;T0;0
ESP1;Galactose;2;T0;0
GCR1;Galactose;2;T0;0
ESP1;Raffinose;2;T0;0
GCR1;Raffinose;2;T0;0
ESP1;Glucose50%;3;T0;0
GCR1;Glucose50%;3;T0;0
ESP1;Galactose;3;T0;0
GCR1;Galactose;3;T0;0
ESP1;Raffinose;3;T0;0
GCR1;Raffinose;3;T0;0
ESP1;Benomyl;1;T0;0
GCR1;Benomyl;1;T0;0
ESP1;MMS;1;T0;0
GCR1;MMS;1;T0;0
ESP1;DMSO;1;T0;0
GCR1;DMSO;1;T0;0
ESP1;Benomyl;2;T0;0
GCR1;Benomyl;2;T0;0
ESP1;MMS;2;T0;0
GCR1;MMS;2;T0;0
ESP1;DMSO;2;T0;0
GCR1;DMSO;2;T0;0
ESP1;Benomyl;3;T0;0
GCR1;Benomyl;3;T0;0
ESP1;MMS;3;T0;0
GCR1;MMS;3;T0;0
ESP1;DMSO;3;T0;0
GCR1;DMSO;3;T0;0
ESP1;Glucose_Agit;1;T0;0
GCR1;Glucose_Agit;1;T0;0
ESP1;Glucose_Agit;2;T0;0
GCR1;Glucose_Agit;2;T0;0
ESP1;Glucose_Agit;3;T0;0
GCR1;Glucose_Agit;3;T0;0
ESP1;Glucose50%;1;T5;18.95848581
GCR1;Glucose50%;1;T5;19.1127321
ESP1;Galactose;1;T5;19.54302967
GCR1;Galactose;1;T5;19.55149898
ESP1;Raffinose;1;T5;19.02193575
GCR1;Raffinose;1;T5;19.04675999
ESP1;Glucose50%;2;T5;18.98418024
GCR1;Glucose50%;2;T5;18.97485483
ESP1;Galactose;2;T5;19.53011787
GCR1;Galactose;2;T5;19.4638686
ESP1;Raffinose;2;T5;18.98203919
GCR1;Raffinose;2;T5;18.92145847
ESP1;Glucose50%;3;T5;19.01111565
GCR1;Glucose50%;3;T5;19.02433335
ESP1;Galactose;3;T5;19.43361718
GCR1;Galactose;3;T5;19.38352237
ESP1;Raffinose;3;T5;19.00237743
GCR1;Raffinose;3;T5;18.92878373
ESP1;Benomyl;1;T5;19.31789392
GCR1;Benomyl;1;T5;19.42956963
ESP1;MMS;1;T5;19.30330863
GCR1;MMS;1;T5;19.36889105
ESP1;DMSO;1;T5;19.36149863
GCR1;DMSO;1;T5;19.49285612
ESP1;Benomyl;2;T5;19.25459203
GCR1;Benomyl;2;T5;19.27085383
ESP1;MMS;2;T5;19.15028564
GCR1;MMS;2;T5;19.30974189
ESP1;DMSO;2;T5;19.25816918
GCR1;DMSO;2;T5;19.25454806
ESP1;Benomyl;3;T5;19.36824759
GCR1;Benomyl;3;T5;19.20072516
ESP1;MMS;3;T5;19.16095995
GCR1;MMS;3;T5;19.2871953
ESP1;DMSO;3;T5;19.14839756
GCR1;DMSO;3;T5;19.30609249
ESP1;Glucose_Agit;1;T5;20.06541603
GCR1;Glucose_Agit;1;T5;20.15793899
ESP1;Glucose_Agit;2;T5;19.80891267
GCR1;Glucose_Agit;2;T5;19.74136869
ESP1;Glucose_Agit;3;T5;20.06194073
GCR1;Glucose_Agit;3;T5;20.07015396
ESP1;Glucose50%;1;T7;27.11750328
GCR1;Glucose50%;1;T7;27.22301872
ESP1;Galactose;1;T7;27.51866197
GCR1;Galactose;1;T7;27.60022307
ESP1;Raffinose;1;T7;27.00258632
GCR1;Raffinose;1;T7;26.99717792
ESP1;Glucose50%;2;T7;27.10020729
GCR1;Glucose50%;2;T7;26.99361759
ESP1;Galactose;2;T7;27.61077814
GCR1;Galactose;2;T7;27.46728045
ESP1;Raffinose;2;T7;27.00542219
GCR1;Raffinose;2;T7;26.88997722
ESP1;Glucose50%;3;T7;27.06027525
GCR1;Glucose50%;3;T7;27.09310941
ESP1;Galactose;3;T7;27.45887056
GCR1;Galactose;3;T7;27.41465022
ESP1;Raffinose;3;T7;26.97479769
GCR1;Raffinose;3;T7;26.9083728
ESP1;Benomyl;1;T7;27.40892359
GCR1;Benomyl;1;T7;27.53605008
ESP1;MMS;1;T7;27.50963608
GCR1;MMS;1;T7;27.45923015
ESP1;DMSO;1;T7;27.38772525
GCR1;DMSO;1;T7;27.48999015
ESP1;Benomyl;2;T7;27.36046899
GCR1;Benomyl;2;T7;27.36232807
ESP1;MMS;2;T7;27.26122569
GCR1;MMS;2;T7;27.34720336
ESP1;DMSO;2;T7;27.24674458
GCR1;DMSO;2;T7;27.39525822
ESP1;Benomyl;3;T7;27.42324898
GCR1;Benomyl;3;T7;27.39704798
ESP1;MMS;3;T7;27.32043158
GCR1;MMS;3;T7;27.44390849
ESP1;DMSO;3;T7;27.17066222
GCR1;DMSO;3;T7;27.4733829
ESP1;Glucose_Agit;1;T7;28.10008807
GCR1;Glucose_Agit;1;T7;28.28801056
ESP1;Glucose_Agit;2;T7;27.74019477
GCR1;Glucose_Agit;2;T7;27.87725702
ESP1;Glucose_Agit;3;T7;27.9415253
GCR1;Glucose_Agit;3;T7;28.12667209
