Gene;Replicate;Timepoint;Generation
CCA1;1;0;0
CCA1;2;0;0
CCA1;3;0;0
GCR1;1;0;0
GCR1;2;0;0
GCR1;3;0;0
WBP1;1;0;0
WBP1;2;0;0
WBP1;3;0;0
TTI1;1;0;0
TTI1;2;0;0
TTI1;3;0;0
ESP1;1;0;0
ESP1;2;0;0
ESP1;3;0;0
SPC98;1;0;0
SPC98;2;0;0
SPC98;3;0;0
CCA1;1;1;3.618054356
CCA1;2;1;3.666826105
CCA1;3;1;3.715727887
GCR1;1;1;3.549108478
GCR1;2;1;3.470012368
GCR1;3;1;3.563041592
WBP1;1;1;3.459556641
WBP1;2;1;3.467728195
WBP1;3;1;3.520221862
TTI1;1;1;3.408997372
TTI1;2;1;3.312385887
TTI1;3;1;3.388612213
ESP1;1;1;3.528698314
ESP1;2;1;3.482420659
ESP1;3;1;3.474119149
SPC98;1;1;3.405560121
SPC98;2;1;3.396709242
SPC98;3;1;3.377421904
CCA1;1;2;7.189902059
CCA1;2;2;7.057633842
CCA1;3;2;7.263156829
GCR1;1;2;7.081975699
GCR1;2;2;7.079878478
GCR1;3;2;7.178194678
WBP1;1;2;7.236372229
WBP1;2;2;7.215603256
WBP1;3;2;7.306572564
TTI1;1;2;6.978618747
TTI1;2;2;7.061430008
TTI1;3;2;7.106456596
ESP1;1;2;7.103209736
ESP1;2;2;7.149704823
ESP1;3;2;7.058496802
SPC98;1;2;6.89907836
SPC98;2;2;7.088876897
SPC98;3;2;7.089716276
CCA1;1;3;11.33179512
CCA1;2;3;11.1285261
CCA1;3;3;11.37443749
GCR1;1;3;11.21440925
GCR1;2;3;11.19954101
GCR1;3;3;11.35831694
WBP1;1;3;11.2436505
WBP1;2;3;11.28167012
WBP1;3;3;11.32058509
TTI1;1;3;11.108079
TTI1;2;3;11.20299365
TTI1;3;3;11.15733155
ESP1;1;3;11.17159977
ESP1;2;3;11.14043934
ESP1;3;3;11.18819998
SPC98;1;3;11.10555315
SPC98;2;3;11.14006792
SPC98;3;3;11.0792926
CCA1;1;4;15.38177195
CCA1;2;4;15.19813157
CCA1;3;4;15.33654519
GCR1;1;4;15.28906269
GCR1;2;4;15.20295635
GCR1;3;4;15.25755516
WBP1;1;4;15.31365257
WBP1;2;4;15.15824178
WBP1;3;4;15.23006862
TTI1;1;4;15.07525647
TTI1;2;4;15.19436765
TTI1;3;4;15.10331484
ESP1;1;4;15.167814
ESP1;2;4;15.22478782
ESP1;3;4;15.09545716
SPC98;1;4;15.07476946
SPC98;2;4;15.21525418
SPC98;3;4;15.15693374
CCA1;1;5;19.30685693
CCA1;2;5;19.20652861
CCA1;3;5;19.08590644
GCR1;1;5;19.22280124
GCR1;2;5;19.03459401
GCR1;3;5;19.22707241
WBP1;1;5;19.20629042
WBP1;2;5;19.07066222
WBP1;3;5;19.12220133
TTI1;1;5;19.13708671
TTI1;2;5;19.05054683
TTI1;3;5;19.19205369
ESP1;1;5;19.18633247
ESP1;2;5;19.1375517
ESP1;3;5;18.96779211
SPC98;1;5;18.96907487
SPC98;2;5;19.12799775
SPC98;3;5;18.99965457
CCA1;1;6;23.44261831
CCA1;2;6;23.38881513
CCA1;3;6;23.51780166
GCR1;1;6;23.33303084
GCR1;2;6;23.27016099
GCR1;3;6;23.39250629
WBP1;1;6;23.31032903
WBP1;2;6;23.27163444
WBP1;3;6;23.42561071
TTI1;1;6;23.33527944
TTI1;2;6;23.28449991
TTI1;3;6;23.24404571
ESP1;1;6;23.23025399
ESP1;2;6;23.23292759
ESP1;3;6;23.12735724
SPC98;1;6;23.11144614
SPC98;2;6;23.13626719
SPC98;3;6;23.204769
CCA1;1;7;27.35105181
CCA1;2;7;27.30662235
CCA1;3;7;27.4286544
GCR1;1;7;27.24484941
GCR1;2;7;27.18953317
GCR1;3;7;27.39552477
WBP1;1;7;27.23315812
WBP1;2;7;27.28651952
WBP1;3;7;27.38756723
TTI1;1;7;27.28961466
TTI1;2;7;27.11203271
TTI1;3;7;27.18493804
ESP1;1;7;27.25127614
ESP1;2;7;27.20959181
ESP1;3;7;27.1811557
SPC98;1;7;27.11237441
SPC98;2;7;27.25902037
SPC98;3;7;27.11481285
HIP1;1;0;0
HIP1;2;0;0
HIP1;3;0;0
CDC25;1;0;0
CDC25;2;0;0
CDC25;3;0;0
CFT1;1;0;0
CFT1;2;0;0
CFT1;3;0;0
PDC2;1;0;0
PDC2;2;0;0
PDC2;3;0;0
SYF1;1;0;0
SYF1;2;0;0
SYF1;3;0;0
HIP1;1;1;3.295267977
HIP1;2;1;3.359781138
HIP1;3;1;3.252846148
CDC25;1;1;3.397229769
CDC25;2;1;3.475688527
CDC25;3;1;3.376908511
CFT1;1;1;3.449843723
CFT1;2;1;3.469353723
CFT1;3;1;3.358251117
PDC2;1;1;3.275274468
PDC2;2;1;3.090647744
PDC2;3;1;3.359369797
SYF1;1;1;3.519626401
SYF1;2;1;3.53395726
SYF1;3;1;3.474527621
HIP1;1;2;6.940173019
HIP1;2;2;7.135747612
HIP1;3;2;7.269373474
CDC25;1;2;7.2726444
CDC25;2;2;7.315175553
CDC25;3;2;7.383551321
CFT1;1;2;7.296724856
CFT1;2;2;7.34933213
CFT1;3;2;7.23307982
PDC2;1;2;7.173182499
PDC2;2;2;7.180200943
PDC2;3;2;7.275535684
SYF1;1;2;7.183960155
SYF1;2;2;7.199249081
SYF1;3;2;7.187289506
HIP1;1;3;11.27517041
HIP1;2;3;11.29861285
HIP1;3;3;11.2696835
CDC25;1;3;11.36715124
CDC25;2;3;11.2682267
CDC25;3;3;11.38986378
CFT1;1;3;11.40049176
CFT1;2;3;11.39626805
CFT1;3;3;11.1433958
PDC2;1;3;11.19930881
PDC2;2;3;11.1700075
PDC2;3;3;11.20602178
SYF1;1;3;11.22914598
SYF1;2;3;11.18791599
SYF1;3;3;11.19201604
HIP1;1;4;15.272566
HIP1;2;4;15.34990639
HIP1;3;4;15.25441344
CDC25;1;4;15.22622061
CDC25;2;4;15.37333486
CDC25;3;4;15.46381937
CFT1;1;4;15.30291271
CFT1;2;4;15.23895742
CFT1;3;4;15.172415
PDC2;1;4;15.16078151
PDC2;2;4;15.20489077
PDC2;3;4;15.31927573
SYF1;1;4;15.16914243
SYF1;2;4;15.20472177
SYF1;3;4;15.03321587
HIP1;1;5;19.36185072
HIP1;2;5;19.42600042
HIP1;3;5;19.38033588
CDC25;1;5;19.40213445
CDC25;2;5;19.34214827
CDC25;3;5;19.49928342
CFT1;1;5;19.31643327
CFT1;2;5;19.45157078
CFT1;3;5;19.35062344
PDC2;1;5;19.29073759
PDC2;2;5;19.33302296
PDC2;3;5;19.39895399
SYF1;1;5;19.31303256
SYF1;2;5;19.28350199
SYF1;3;5;19.24483171
HIP1;1;6;23.48169838
HIP1;2;6;23.36707316
HIP1;3;6;23.43995289
CDC25;1;6;23.43516384
CDC25;2;6;23.39838531
CDC25;3;6;23.47856113
CFT1;1;6;23.30044075
CFT1;2;6;23.32622353
CFT1;3;6;23.35733792
PDC2;1;6;23.18050584
PDC2;2;6;23.22599439
PDC2;3;6;23.23847243
SYF1;1;6;23.42895748
SYF1;2;6;23.2672866
SYF1;3;6;23.08258195
HIP1;1;7;27.29441237
HIP1;2;7;27.34508559
HIP1;3;7;27.38263088
CDC25;1;7;27.3541085
CDC25;2;7;27.35053083
CDC25;3;7;27.36749597
CFT1;1;7;27.33708259
CFT1;2;7;27.35428029
CFT1;3;7;27.28522717
PDC2;1;7;27.24891741
PDC2;2;7;27.14336418
PDC2;3;7;27.21843916
SYF1;1;7;27.32887646
SYF1;2;7;27.25275285
SYF1;3;7;27.26261508
