Sample;Gene;Media;Replicate;Timepoint;Fasta
P1_A1_T0;ESP1;Glucose50%;1;T0;P1_A1_T0_agg.fasta
P1_A2_T0;GCR1;Glucose50%;1;T0;P1_A2_T0_agg.fasta
P1_A3_T0;ESP1;Galactose;1;T0;P1_A3_T0_agg.fasta
P1_A4_T0;GCR1;Galactose;1;T0;P1_A4_T0_agg.fasta
P1_A5_T0;ESP1;Raffinose;1;T0;P1_A5_T0_agg.fasta
P1_A6_T0;GCR1;Raffinose;1;T0;P1_A6_T0_agg.fasta
P1_B1_T0;ESP1;Glucose50%;2;T0;P1_B1_T0_agg.fasta
P1_B2_T0;GCR1;Glucose50%;2;T0;P1_B2_T0_agg.fasta
P1_B3_T0;ESP1;Galactose;2;T0;P1_B3_T0_agg.fasta
P1_B4_T0;GCR1;Galactose;2;T0;P1_B4_T0_agg.fasta
P1_B5_T0;ESP1;Raffinose;2;T0;P1_B5_T0_agg.fasta
P1_B6_T0;GCR1;Raffinose;2;T0;P1_B6_T0_agg.fasta
P1_C1_T0;ESP1;Glucose50%;3;T0;P1_C1_T0_agg.fasta
P1_C2_T0;GCR1;Glucose50%;3;T0;P1_C2_T0_agg.fasta
P1_C3_T0;ESP1;Galactose;3;T0;P1_C3_T0_agg.fasta
P1_C4_T0;GCR1;Galactose;3;T0;P1_C4_T0_agg.fasta
P1_C5_T0;ESP1;Raffinose;3;T0;P1_C5_T0_agg.fasta
P1_C6_T0;GCR1;Raffinose;3;T0;P1_C6_T0_agg.fasta
P2_A1_T0;ESP1;Benomyl;1;T0;P2_A1_T0_agg.fasta
P2_A2_T0;GCR1;Benomyl;1;T0;P2_A2_T0_agg.fasta
P2_A3_T0;ESP1;MMS;1;T0;P2_A3_T0_agg.fasta
P2_A4_T0;GCR1;MMS;1;T0;P2_A4_T0_agg.fasta
P2_A5_T0;ESP1;DMSO;1;T0;P2_A5_T0_agg.fasta
P2_A6_T0;GCR1;DMSO;1;T0;P2_A6_T0_agg.fasta
P2_B1_T0;ESP1;Benomyl;2;T0;P2_B1_T0_agg.fasta
P2_B2_T0;GCR1;Benomyl;2;T0;P2_B2_T0_agg.fasta
P2_B3_T0;ESP1;MMS;2;T0;P2_B3_T0_agg.fasta
P2_B4_T0;GCR1;MMS;2;T0;P2_B4_T0_agg.fasta
P2_B5_T0;ESP1;DMSO;2;T0;P2_B5_T0_agg.fasta
P2_B6_T0;GCR1;DMSO;2;T0;P2_B6_T0_agg.fasta
P2_C1_T0;ESP1;Benomyl;3;T0;P2_C1_T0_agg.fasta
P2_C2_T0;GCR1;Benomyl;3;T0;P2_C2_T0_agg.fasta
P2_C3_T0;ESP1;MMS;3;T0;P2_C3_T0_agg.fasta
P2_C4_T0;GCR1;MMS;3;T0;P2_C4_T0_agg.fasta
P2_C5_T0;ESP1;DMSO;3;T0;P2_C5_T0_agg.fasta
P2_C6_T0;GCR1;DMSO;3;T0;P2_C6_T0_agg.fasta
P3_A1_T0;ESP1;GlucoseAgit;1;T0;P3_A1_T0_agg.fasta
P3_A2_T0;GCR1;GlucoseAgit;1;T0;P3_A2_T0_agg.fasta
P3_B1_T0;ESP1;GlucoseAgit;2;T0;P3_B1_T0_agg.fasta
P3_B2_T0;GCR1;GlucoseAgit;2;T0;P3_B2_T0_agg.fasta
P3_C1_T0;ESP1;GlucoseAgit;3;T0;P3_C1_T0_agg.fasta
P3_C2_T0;GCR1;GlucoseAgit;3;T0;P3_C2_T0_agg.fasta
P1_A1_T5;ESP1;Glucose50%;1;T5;P1_A1_T5_agg.fasta
P1_A2_T5;GCR1;Glucose50%;1;T5;P1_A2_T5_agg.fasta
P1_A3_T5;ESP1;Galactose;1;T5;P1_A3_T5_agg.fasta
P1_A4_T5;GCR1;Galactose;1;T5;P1_A4_T5_agg.fasta
P1_A5_T5;ESP1;Raffinose;1;T5;P1_A5_T5_agg.fasta
P1_A6_T5;GCR1;Raffinose;1;T5;P1_A6_T5_agg.fasta
P1_B1_T5;ESP1;Glucose50%;2;T5;P1_B1_T5_agg.fasta
P1_B2_T5;GCR1;Glucose50%;2;T5;P1_B2_T5_agg.fasta
P1_B3_T5;ESP1;Galactose;2;T5;P1_B3_T5_agg.fasta
P1_B4_T5;GCR1;Galactose;2;T5;P1_B4_T5_agg.fasta
P1_B5_T5;ESP1;Raffinose;2;T5;P1_B5_T5_agg.fasta
P1_B6_T5;GCR1;Raffinose;2;T5;P1_B6_T5_agg.fasta
P1_C1_T5;ESP1;Glucose50%;3;T5;P1_C1_T5_agg.fasta
P1_C2_T5;GCR1;Glucose50%;3;T5;P1_C2_T5_agg.fasta
P1_C3_T5;ESP1;Galactose;3;T5;P1_C3_T5_agg.fasta
P1_C4_T5;GCR1;Galactose;3;T5;P1_C4_T5_agg.fasta
P1_C5_T5;ESP1;Raffinose;3;T5;P1_C5_T5_agg.fasta
P1_C6_T5;GCR1;Raffinose;3;T5;P1_C6_T5_agg.fasta
P2_A1_T5;ESP1;Benomyl;1;T5;P2_A1_T5_agg.fasta
P2_A2_T5;GCR1;Benomyl;1;T5;P2_A2_T5_agg.fasta
P2_A3_T5;ESP1;MMS;1;T5;P2_A3_T5_agg.fasta
P2_A4_T5;GCR1;MMS;1;T5;P2_A4_T5_agg.fasta
P2_A5_T5;ESP1;DMSO;1;T5;P2_A5_T5_agg.fasta
P2_A6_T5;GCR1;DMSO;1;T5;P2_A6_T5_agg.fasta
P2_B1_T5;ESP1;Benomyl;2;T5;P2_B1_T5_agg.fasta
P2_B2_T5;GCR1;Benomyl;2;T5;P2_B2_T5_agg.fasta
P2_B3_T5;ESP1;MMS;2;T5;P2_B3_T5_agg.fasta
P2_B4_T5;GCR1;MMS;2;T5;P2_B4_T5_agg.fasta
P2_B5_T5;ESP1;DMSO;2;T5;P2_B5_T5_agg.fasta
P2_B6_T5;GCR1;DMSO;2;T5;P2_B6_T5_agg.fasta
P2_C1_T5;ESP1;Benomyl;3;T5;P2_C1_T5_agg.fasta
P2_C2_T5;GCR1;Benomyl;3;T5;P2_C2_T5_agg.fasta
P2_C3_T5;ESP1;MMS;3;T5;P2_C3_T5_agg.fasta
P2_C4_T5;GCR1;MMS;3;T5;P2_C4_T5_agg.fasta
P2_C5_T5;ESP1;DMSO;3;T5;P2_C5_T5_agg.fasta
P2_C6_T5;GCR1;DMSO;3;T5;P2_C6_T5_agg.fasta
P3_A1_T5;ESP1;GlucoseAgit;1;T5;P3_A1_T5_agg.fasta
P3_A2_T5;GCR1;GlucoseAgit;1;T5;P3_A2_T5_agg.fasta
P3_B1_T5;ESP1;GlucoseAgit;2;T5;P3_B1_T5_agg.fasta
P3_B2_T5;GCR1;GlucoseAgit;2;T5;P3_B2_T5_agg.fasta
P3_C1_T5;ESP1;GlucoseAgit;3;T5;P3_C1_T5_agg.fasta
P3_C2_T5;GCR1;GlucoseAgit;3;T5;P3_C2_T5_agg.fasta
P1_A1_T7;ESP1;Glucose50%;1;T7;P1_A1_T7_agg.fasta
P1_A2_T7;GCR1;Glucose50%;1;T7;P1_A2_T7_agg.fasta
P1_A3_T7;ESP1;Galactose;1;T7;P1_A3_T7_agg.fasta
P1_A4_T7;GCR1;Galactose;1;T7;P1_A4_T7_agg.fasta
P1_A5_T7;ESP1;Raffinose;1;T7;P1_A5_T7_agg.fasta
P1_A6_T7;GCR1;Raffinose;1;T7;P1_A6_T7_agg.fasta
P1_B1_T7;ESP1;Glucose50%;2;T7;P1_B1_T7_agg.fasta
P1_B2_T7;GCR1;Glucose50%;2;T7;P1_B2_T7_agg.fasta
P1_B3_T7;ESP1;Galactose;2;T7;P1_B3_T7_agg.fasta
P1_B4_T7;GCR1;Galactose;2;T7;P1_B4_T7_agg.fasta
P1_B5_T7;ESP1;Raffinose;2;T7;P1_B5_T7_agg.fasta
P1_B6_T7;GCR1;Raffinose;2;T7;P1_B6_T7_agg.fasta
P1_C1_T7;ESP1;Glucose50%;3;T7;P1_C1_T7_agg.fasta
P1_C2_T7;GCR1;Glucose50%;3;T7;P1_C2_T7_agg.fasta
P1_C3_T7;ESP1;Galactose;3;T7;P1_C3_T7_agg.fasta
P1_C4_T7;GCR1;Galactose;3;T7;P1_C4_T7_agg.fasta
P1_C5_T7;ESP1;Raffinose;3;T7;P1_C5_T7_agg.fasta
P1_C6_T7;GCR1;Raffinose;3;T7;P1_C6_T7_agg.fasta
P2_A1_T7;ESP1;Benomyl;1;T7;P2_A1_T7_agg.fasta
P2_A2_T7;GCR1;Benomyl;1;T7;P2_A2_T7_agg.fasta
P2_A3_T7;ESP1;MMS;1;T7;P2_A3_T7_agg.fasta
P2_A4_T7;GCR1;MMS;1;T7;P2_A4_T7_agg.fasta
P2_A5_T7;ESP1;DMSO;1;T7;P2_A5_T7_agg.fasta
P2_A6_T7;GCR1;DMSO;1;T7;P2_A6_T7_agg.fasta
P2_B1_T7;ESP1;Benomyl;2;T7;P2_B1_T7_agg.fasta
P2_B2_T7;GCR1;Benomyl;2;T7;P2_B2_T7_agg.fasta
P2_B3_T7;ESP1;MMS;2;T7;P2_B3_T7_agg.fasta
P2_B4_T7;GCR1;MMS;2;T7;P2_B4_T7_agg.fasta
P2_B5_T7;ESP1;DMSO;2;T7;P2_B5_T7_agg.fasta
P2_B6_T7;GCR1;DMSO;2;T7;P2_B6_T7_agg.fasta
P2_C1_T7;ESP1;Benomyl;3;T7;P2_C1_T7_agg.fasta
P2_C2_T7;GCR1;Benomyl;3;T7;P2_C2_T7_agg.fasta
P2_C3_T7;ESP1;MMS;3;T7;P2_C3_T7_agg.fasta
P2_C4_T7;GCR1;MMS;3;T7;P2_C4_T7_agg.fasta
P2_C5_T7;ESP1;DMSO;3;T7;P2_C5_T7_agg.fasta
P2_C6_T7;GCR1;DMSO;3;T7;P2_C6_T7_agg.fasta
P3_A1_T7;ESP1;GlucoseAgit;1;T7;P3_A1_T7_agg.fasta
P3_A2_T7;GCR1;GlucoseAgit;1;T7;P3_A2_T7_agg.fasta
P3_B1_T7;ESP1;GlucoseAgit;2;T7;P3_B1_T7_agg.fasta
P3_B2_T7;GCR1;GlucoseAgit;2;T7;P3_B2_T7_agg.fasta
P3_C1_T7;ESP1;GlucoseAgit;3;T7;P3_C1_T7_agg.fasta
P3_C2_T7;GCR1;GlucoseAgit;3;T7;P3_C2_T7_agg.fasta
