Sample;Gene;Replicate;Timepoint;Fasta
CCA1_1_T0;CCA1;1;T0;CCA1_1_T0_agg.fasta
CCA1_2_T0;CCA1;2;T0;CCA1_2_T0_agg.fasta
CCA1_3_T0;CCA1;3;T0;CCA1_3_T0_agg.fasta
GCR1_1_T0;GCR1;1;T0;GCR1_1_T0_agg.fasta
GCR1_2_T0;GCR1;2;T0;GCR1_2_T0_agg.fasta
GCR1_3_T0;GCR1;3;T0;GCR1_3_T0_agg.fasta
WBP1_1_T0;WBP1;1;T0;WBP1_1_T0_agg.fasta
WBP1_2_T0;WBP1;2;T0;WBP1_2_T0_agg.fasta
WBP1_3_T0;WBP1;3;T0;WBP1_3_T0_agg.fasta
TTI1_1_T0;TTI1;1;T0;TTI1_1_T0_agg.fasta
TTI1_2_T0;TTI1;2;T0;TTI1_2_T0_agg.fasta
TTI1_3_T0;TTI1;3;T0;TTI1_3_T0_agg.fasta
ESP1_1_T0;ESP1;1;T0;ESP1_1_T0_agg.fasta
ESP1_2_T0;ESP1;2;T0;ESP1_2_T0_agg.fasta
ESP1_3_T0;ESP1;3;T0;ESP1_3_T0_agg.fasta
SPC98_1_T0;SPC98;1;T0;SPC98_1_T0_agg.fasta
SPC98_2_T0;SPC98;2;T0;SPC98_2_T0_agg.fasta
SPC98_3_T0;SPC98;3;T0;SPC98_3_T0_agg.fasta
CCA1_1_T1;CCA1;1;T1;CCA1_1_T1_agg.fasta
CCA1_2_T1;CCA1;2;T1;CCA1_2_T1_agg.fasta
CCA1_3_T1;CCA1;3;T1;CCA1_3_T1_agg.fasta
GCR1_1_T1;GCR1;1;T1;GCR1_1_T1_agg.fasta
GCR1_2_T1;GCR1;2;T1;GCR1_2_T1_agg.fasta
GCR1_3_T1;GCR1;3;T1;GCR1_3_T1_agg.fasta
WBP1_1_T1;WBP1;1;T1;WBP1_1_T1_agg.fasta
WBP1_2_T1;WBP1;2;T1;WBP1_2_T1_agg.fasta
WBP1_3_T1;WBP1;3;T1;WBP1_3_T1_agg.fasta
TTI1_1_T1;TTI1;1;T1;TTI1_1_T1_agg.fasta
TTI1_2_T1;TTI1;2;T1;TTI1_2_T1_agg.fasta
TTI1_3_T1;TTI1;3;T1;TTI1_3_T1_agg.fasta
ESP1_1_T1;ESP1;1;T1;ESP1_1_T1_agg.fasta
ESP1_2_T1;ESP1;2;T1;ESP1_2_T1_agg.fasta
ESP1_3_T1;ESP1;3;T1;ESP1_3_T1_agg.fasta
SPC98_1_T1;SPC98;1;T1;SPC98_1_T1_agg.fasta
SPC98_2_T1;SPC98;2;T1;SPC98_2_T1_agg.fasta
SPC98_3_T1;SPC98;3;T1;SPC98_3_T1_agg.fasta
CCA1_1_T2;CCA1;1;T2;CCA1_1_T2_agg.fasta
CCA1_2_T2;CCA1;2;T2;CCA1_2_T2_agg.fasta
CCA1_3_T2;CCA1;3;T2;CCA1_3_T2_agg.fasta
GCR1_1_T2;GCR1;1;T2;GCR1_1_T2_agg.fasta
GCR1_2_T2;GCR1;2;T2;GCR1_2_T2_agg.fasta
GCR1_3_T2;GCR1;3;T2;GCR1_3_T2_agg.fasta
WBP1_1_T2;WBP1;1;T2;WBP1_1_T2_agg.fasta
WBP1_2_T2;WBP1;2;T2;WBP1_2_T2_agg.fasta
WBP1_3_T2;WBP1;3;T2;WBP1_3_T2_agg.fasta
TTI1_1_T2;TTI1;1;T2;TTI1_1_T2_agg.fasta
TTI1_2_T2;TTI1;2;T2;TTI1_2_T2_agg.fasta
TTI1_3_T2;TTI1;3;T2;TTI1_3_T2_agg.fasta
ESP1_1_T2;ESP1;1;T2;ESP1_1_T2_agg.fasta
ESP1_2_T2;ESP1;2;T2;ESP1_2_T2_agg.fasta
ESP1_3_T2;ESP1;3;T2;ESP1_3_T2_agg.fasta
SPC98_1_T2;SPC98;1;T2;SPC98_1_T2_agg.fasta
SPC98_2_T2;SPC98;2;T2;SPC98_2_T2_agg.fasta
SPC98_3_T2;SPC98;3;T2;SPC98_3_T2_agg.fasta
CCA1_1_T3;CCA1;1;T3;CCA1_1_T3_agg.fasta
CCA1_2_T3;CCA1;2;T3;CCA1_2_T3_agg.fasta
CCA1_3_T3;CCA1;3;T3;CCA1_3_T3_agg.fasta
GCR1_1_T3;GCR1;1;T3;GCR1_1_T3_agg.fasta
GCR1_2_T3;GCR1;2;T3;GCR1_2_T3_agg.fasta
GCR1_3_T3;GCR1;3;T3;GCR1_3_T3_agg.fasta
WBP1_1_T3;WBP1;1;T3;WBP1_1_T3_agg.fasta
WBP1_2_T3;WBP1;2;T3;WBP1_2_T3_agg.fasta
WBP1_3_T3;WBP1;3;T3;WBP1_3_T3_agg.fasta
TTI1_1_T3;TTI1;1;T3;TTI1_1_T3_agg.fasta
TTI1_2_T3;TTI1;2;T3;TTI1_2_T3_agg.fasta
TTI1_3_T3;TTI1;3;T3;TTI1_3_T3_agg.fasta
ESP1_1_T3;ESP1;1;T3;ESP1_1_T3_agg.fasta
ESP1_2_T3;ESP1;2;T3;ESP1_2_T3_agg.fasta
ESP1_3_T3;ESP1;3;T3;ESP1_3_T3_agg.fasta
SPC98_1_T3;SPC98;1;T3;SPC98_1_T3_agg.fasta
SPC98_2_T3;SPC98;2;T3;SPC98_2_T3_agg.fasta
SPC98_3_T3;SPC98;3;T3;SPC98_3_T3_agg.fasta
CCA1_1_T4;CCA1;1;T4;CCA1_1_T4_agg.fasta
CCA1_2_T4;CCA1;2;T4;CCA1_2_T4_agg.fasta
CCA1_3_T4;CCA1;3;T4;CCA1_3_T4_agg.fasta
GCR1_1_T4;GCR1;1;T4;GCR1_1_T4_agg.fasta
GCR1_2_T4;GCR1;2;T4;GCR1_2_T4_agg.fasta
GCR1_3_T4;GCR1;3;T4;GCR1_3_T4_agg.fasta
WBP1_1_T4;WBP1;1;T4;WBP1_1_T4_agg.fasta
WBP1_2_T4;WBP1;2;T4;WBP1_2_T4_agg.fasta
WBP1_3_T4;WBP1;3;T4;WBP1_3_T4_agg.fasta
TTI1_1_T4;TTI1;1;T4;TTI1_1_T4_agg.fasta
TTI1_2_T4;TTI1;2;T4;TTI1_2_T4_agg.fasta
TTI1_3_T4;TTI1;3;T4;TTI1_3_T4_agg.fasta
ESP1_1_T4;ESP1;1;T4;ESP1_1_T4_agg.fasta
ESP1_2_T4;ESP1;2;T4;ESP1_2_T4_agg.fasta
ESP1_3_T4;ESP1;3;T4;ESP1_3_T4_agg.fasta
SPC98_1_T4;SPC98;1;T4;SPC98_1_T4_agg.fasta
SPC98_2_T4;SPC98;2;T4;SPC98_2_T4_agg.fasta
SPC98_3_T4;SPC98;3;T4;SPC98_3_T4_agg.fasta
CCA1_1_T5;CCA1;1;T5;CCA1_1_T5_agg.fasta
CCA1_2_T5;CCA1;2;T5;CCA1_2_T5_agg.fasta
CCA1_3_T5;CCA1;3;T5;CCA1_3_T5_agg.fasta
GCR1_1_T5;GCR1;1;T5;GCR1_1_T5_agg.fasta
GCR1_2_T5;GCR1;2;T5;GCR1_2_T5_agg.fasta
GCR1_3_T5;GCR1;3;T5;GCR1_3_T5_agg.fasta
WBP1_1_T5;WBP1;1;T5;WBP1_1_T5_agg.fasta
WBP1_2_T5;WBP1;2;T5;WBP1_2_T5_agg.fasta
WBP1_3_T5;WBP1;3;T5;WBP1_3_T5_agg.fasta
TTI1_1_T5;TTI1;1;T5;TTI1_1_T5_agg.fasta
TTI1_2_T5;TTI1;2;T5;TTI1_2_T5_agg.fasta
TTI1_3_T5;TTI1;3;T5;TTI1_3_T5_agg.fasta
ESP1_1_T5;ESP1;1;T5;ESP1_1_T5_agg.fasta
ESP1_2_T5;ESP1;2;T5;ESP1_2_T5_agg.fasta
ESP1_3_T5;ESP1;3;T5;ESP1_3_T5_agg.fasta
SPC98_1_T5;SPC98;1;T5;SPC98_1_T5_agg.fasta
SPC98_2_T5;SPC98;2;T5;SPC98_2_T5_agg.fasta
SPC98_3_T5;SPC98;3;T5;SPC98_3_T5_agg.fasta
CCA1_1_T6;CCA1;1;T6;CCA1_1_T6_agg.fasta
CCA1_2_T6;CCA1;2;T6;CCA1_2_T6_agg.fasta
CCA1_3_T6;CCA1;3;T6;CCA1_3_T6_agg.fasta
GCR1_1_T6;GCR1;1;T6;GCR1_1_T6_agg.fasta
GCR1_2_T6;GCR1;2;T6;GCR1_2_T6_agg.fasta
GCR1_3_T6;GCR1;3;T6;GCR1_3_T6_agg.fasta
WBP1_1_T6;WBP1;1;T6;WBP1_1_T6_agg.fasta
WBP1_2_T6;WBP1;2;T6;WBP1_2_T6_agg.fasta
WBP1_3_T6;WBP1;3;T6;WBP1_3_T6_agg.fasta
TTI1_1_T6;TTI1;1;T6;TTI1_1_T6_agg.fasta
TTI1_2_T6;TTI1;2;T6;TTI1_2_T6_agg.fasta
TTI1_3_T6;TTI1;3;T6;TTI1_3_T6_agg.fasta
ESP1_1_T6;ESP1;1;T6;ESP1_1_T6_agg.fasta
ESP1_2_T6;ESP1;2;T6;ESP1_2_T6_agg.fasta
ESP1_3_T6;ESP1;3;T6;ESP1_3_T6_agg.fasta
SPC98_1_T6;SPC98;1;T6;SPC98_1_T6_agg.fasta
SPC98_2_T6;SPC98;2;T6;SPC98_2_T6_agg.fasta
SPC98_3_T6;SPC98;3;T6;SPC98_3_T6_agg.fasta
CCA1_1_T7;CCA1;1;T7;CCA1_1_T7_agg.fasta
CCA1_2_T7;CCA1;2;T7;CCA1_2_T7_agg.fasta
CCA1_3_T7;CCA1;3;T7;CCA1_3_T7_agg.fasta
GCR1_1_T7;GCR1;1;T7;GCR1_1_T7_agg.fasta
GCR1_2_T7;GCR1;2;T7;GCR1_2_T7_agg.fasta
GCR1_3_T7;GCR1;3;T7;GCR1_3_T7_agg.fasta
WBP1_1_T7;WBP1;1;T7;WBP1_1_T7_agg.fasta
WBP1_2_T7;WBP1;2;T7;WBP1_2_T7_agg.fasta
WBP1_3_T7;WBP1;3;T7;WBP1_3_T7_agg.fasta
TTI1_1_T7;TTI1;1;T7;TTI1_1_T7_agg.fasta
TTI1_2_T7;TTI1;2;T7;TTI1_2_T7_agg.fasta
TTI1_3_T7;TTI1;3;T7;TTI1_3_T7_agg.fasta
ESP1_1_T7;ESP1;1;T7;ESP1_1_T7_agg.fasta
ESP1_2_T7;ESP1;2;T7;ESP1_2_T7_agg.fasta
ESP1_3_T7;ESP1;3;T7;ESP1_3_T7_agg.fasta
SPC98_1_T7;SPC98;1;T7;SPC98_1_T7_agg.fasta
SPC98_2_T7;SPC98;2;T7;SPC98_2_T7_agg.fasta
SPC98_3_T7;SPC98;3;T7;SPC98_3_T7_agg.fasta
